time,latitude,longitude,mag,place,type
1970-06-14T00:00:11.000Z,-52.028,-74.07,7.00,"near the coast of Magallanes, Chile",earthquake
1970-07-25T22:41:14.000Z,32.053,131.782,7.00,"Kyushu, Japan",earthquake
1970-07-29T10:16:22.000Z,25.977,95.34,7.00,Myanmar,earthquake
1970-12-02T15:54:22.000Z,-11.154,163.377,7.00,Solomon Islands,earthquake
1971-02-04T15:33:29.000Z,0.653,98.711,7.00,"Nias region, Indonesia",earthquake
1971-02-07T02:29:30.000Z,51.409,-176.974,7.00,"Andreanof Islands, Aleutian Islands, Alaska",earthquake
1971-02-08T21:04:20.000Z,-63.398,-61.377,7.00,South Shetland Islands,earthquake
1971-04-08T07:45:59.000Z,-4.33,102.285,7.00,"southern Sumatra, Indonesia",earthquake
1971-05-02T06:08:27.000Z,51.396,-177.318,7.00,"Andreanof Islands, Aleutian Islands, Alaska",earthquake
1971-05-18T22:44:43.000Z,63.952,145.965,7.00,"Magadanskaya Oblast', Russia",earthquake
1971-07-19T00:14:46.000Z,-5.754,153.868,7.00,"New Ireland region, Papua New Guinea",earthquake
1971-07-26T02:25:00.000Z,-5.116,152.282,7.00,"New Britain region, Papua New Guinea",earthquake
1971-09-16T06:22:40.000Z,-5.912,130.603,7.00,Banda Sea,earthquake
1972-01-23T21:17:54.000Z,-13.248,166.407,7.00,Vanuatu,earthquake
1972-04-24T09:57:21.000Z,23.564,121.539,7.00,Taiwan,earthquake
1972-11-02T19:55:22.000Z,-20.122,168.949,7.00,"Loyalty Islands, New Caledonia",earthquake
1973-03-17T08:30:51.800Z,13.372,122.787,7.00,"Luzon, Philippines",earthquake
1973-10-06T15:07:37.300Z,-60.823,-21.549,7.00,east of the South Sandwich Islands,earthquake
1975-02-04T11:36:07.500Z,40.641,122.58,7.00,"Liaoning, China",earthquake
1975-06-10T13:47:14.500Z,43.024,147.734,7.00,Kuril Islands,earthquake
1975-10-01T03:29:58.900Z,-4.882,102.198,7.00,"southern Sumatra, Indonesia",earthquake
1975-10-06T22:24:16.200Z,-12.519,166.499,7.00,Santa Cruz Islands,earthquake
1976-01-21T10:05:24.100Z,44.915,149.123,7.00,Kuril Islands,earthquake
1976-04-08T02:40:27.000Z,40.311,63.773,7.00,western Uzbekistan,earthquake
1976-05-17T02:58:40.600Z,40.381,63.472,7.00,western Uzbekistan,earthquake
1976-05-29T14:00:18.500Z,24.531,98.71,7.00,Myanmar-China border region,earthquake
1976-06-20T20:53:13.400Z,3.397,96.318,7.00,"northern Sumatra, Indonesia",earthquake
1976-07-11T20:41:47.500Z,7.409,-78.127,7.00,Panama,earthquake
1977-03-18T21:43:52.400Z,16.773,122.327,7.00,"Luzon, Philippines",earthquake
1978-06-17T15:11:33.500Z,-17.098,-172.264,7.00,Tonga region,earthquake
1978-08-23T00:38:32.200Z,10.204,-85.222,7.00,Costa Rica,earthquake
1978-12-23T11:23:12.000Z,23.247,122.075,7.00,Taiwan region,earthquake
1980-02-23T05:51:03.200Z,43.53,146.753,7.00,Kuril Islands,earthquake
1981-01-30T08:52:44.100Z,51.744,176.274,7.00,"Rat Islands, Aleutian Islands, Alaska",earthquake
1981-07-06T03:08:24.180Z,-22.293,171.742,7.00,southeast of the Loyalty Islands,earthquake
1981-07-15T07:59:08.470Z,-17.26,167.601,7.00,Vanuatu,earthquake
1982-06-07T10:59:40.160Z,16.558,-98.358,7.00,"Guerrero, Mexico",earthquake
1982-07-07T10:43:03.740Z,-51.225,160.513,7.00,north of Macquarie Island,earthquake
1982-08-05T20:32:52.950Z,-12.597,165.931,7.00,Santa Cruz Islands,earthquake
1983-01-17T12:41:29.700Z,38.026,20.228,7.00,Greece,earthquake
1983-01-26T16:02:21.350Z,-30.383,-179.339,7.00,Kermadec Islands region,earthquake
1983-04-12T12:07:54.520Z,-4.843,-78.103,7.00,Peru-Ecuador border region,earthquake
1983-04-18T10:58:51.260Z,27.793,62.054,7.00,Iran-Pakistan border region,earthquake
1983-12-02T03:09:05.660Z,14.066,-91.924,7.00,offshore Guatemala,earthquake
1984-01-08T15:24:13.560Z,-2.823,118.806,7.00,"Sulawesi, Indonesia",earthquake
1984-03-19T20:28:38.240Z,40.32,63.35,7.00,western Uzbekistan,earthquake
1985-04-13T03:00:06.780Z,1.622,126.411,7.00,Molucca Sea,earthquake
1985-04-23T16:15:12.020Z,15.344,120.61,7.00,"Luzon, Philippines",earthquake
1985-08-23T12:41:56.160Z,39.431,75.224,7.00,"southern Xinjiang, China",earthquake
1985-11-28T02:25:42.340Z,-14.043,166.24,7.00,Vanuatu,earthquake
1985-11-28T03:49:54.150Z,-13.987,166.185,7.00,Vanuatu,earthquake
1986-04-30T07:07:18.120Z,18.404,-102.973,7.00,"Michoacan, Mexico",earthquake
1987-01-30T22:29:42.090Z,-60.063,-26.916,7.00,South Sandwich Islands region,earthquake
1987-03-05T10:55:12.350Z,-24.495,-70.701,7.00,"near the coast of Antofagasta, Chile",earthquake
1987-04-01T01:48:08.520Z,-22.767,-66.205,7.00,"Jujuy, Argentina",earthquake
1987-10-12T13:57:04.790Z,-7.288,154.371,7.00,"Bougainville region, Papua New Guinea",earthquake
1988-01-19T07:30:31.860Z,-24.71,-70.568,7.00,"Antofagasta, Chile",earthquake
1988-07-23T15:17:08.180Z,-6.526,152.779,7.00,"New Britain region, Papua New Guinea",earthquake
1988-07-25T06:46:06.690Z,-6.081,133.667,7.00,"Kepulauan Aru region, Indonesia",earthquake
1989-05-14T00:59:50.450Z,-30.523,-178.414,7.00,"Kermadec Islands, New Zealand",earthquake
1990-05-30T10:40:06.140Z,45.841,26.668,7.00,Romania,earthquake
1990-10-17T14:30:13.160Z,-10.97,-70.776,7.00,Peru-Brazil border region,earthquake
1991-01-05T14:57:11.590Z,23.613,95.901,7.00,Myanmar,earthquake
1991-02-18T02:37:25.120Z,8.87,126.48,7.00,"Mindanao, Philippines",earthquake
1991-04-29T09:12:48.100Z,42.453,43.673,7.00,Georgia (Sak'art'velo),earthquake
1991-05-19T00:58:01.730Z,1.156,122.957,7.00,"Minahasa, Sulawesi, Indonesia",earthquake
1991-05-30T13:17:41.970Z,54.567,-161.606,7.00,Alaska Peninsula,earthquake
1991-06-09T07:45:02.130Z,-20.252,-176.218,7.00,Fiji region,earthquake
1991-07-06T12:19:49.560Z,-13.108,-72.187,7.00,central Peru,earthquake
1991-08-17T22:17:09.970Z,41.679,-125.856,7.00,"136km WSW of Brookings, Oregon",earthquake
1991-09-30T00:21:46.410Z,-20.878,-178.591,7.00,Fiji region,earthquake
1992-05-27T05:13:38.810Z,-11.122,165.239,7.00,Santa Cruz Islands,earthquake
1993-05-11T18:26:51.320Z,7.219,126.57,7.00,"Mindanao, Philippines",earthquake
1993-05-24T23:51:28.240Z,-22.671,-66.543,7.00,"Jujuy, Argentina",earthquake
1993-08-09T12:42:48.190Z,36.379,70.868,7.00,"Hindu Kush region, Afghanistan",earthquake
1993-08-10T00:51:53.250Z,-45.277,166.927,7.00,off the west coast of the South Island of New Zealand,earthquake
1993-11-13T01:18:04.180Z,51.934,158.647,7.00,"near the east coast of the Kamchatka Peninsula, Russia",earthquake
1993-12-29T07:48:14.200Z,-20.23,169.789,7.00,Vanuatu,earthquake
1994-01-21T02:24:29.960Z,1.015,127.733,7.00,"Halmahera, Indonesia",earthquake
1994-02-12T17:58:23.990Z,-20.553,169.361,7.00,Vanuatu,earthquake
1994-03-14T04:30:15.750Z,-1.278,-23.569,7.00,central Mid-Atlantic Ridge,earthquake
1994-09-01T15:15:48.310Z,40.4055,-126.3028333,7.00,off the coast of Northern California,earthquake
1995-01-06T22:37:34.320Z,40.246,142.175,7.00,"near the east coast of Honshu, Japan",earthquake
1995-10-03T01:51:23.900Z,-2.75,-77.881,7.00,Peru-Ecuador border region,earthquake
1996-06-02T02:52:09.550Z,10.797,-42.254,7.00,northern Mid-Atlantic Ridge,earthquake
1996-07-22T14:19:35.770Z,1,120.45,7.00,"Minahasa, Sulawesi, Indonesia",earthquake
1970-01-04T17:00:41.000Z,24.185,102.543,7.10,"Yunnan, China",earthquake
1970-02-28T10:52:33.000Z,52.487,-174.915,7.10,"Andreanof Islands, Aleutian Islands, Alaska",earthquake
1970-05-27T12:05:07.000Z,27.236,140.23,7.10,"Bonin Islands, Japan region",earthquake
1971-01-03T17:35:41.000Z,-55.918,-2.668,7.10,southern Mid-Atlantic Ridge,earthquake
1971-08-02T07:24:58.000Z,41.415,143.416,7.10,"Hokkaido, Japan region",earthquake
1971-11-21T05:57:12.000Z,-11.857,166.557,7.10,Santa Cruz Islands,earthquake
1972-01-25T03:41:24.000Z,23.107,121.974,7.10,Taiwan,earthquake
1972-05-22T20:45:57.000Z,-17.76,-175.066,7.10,Tonga,earthquake
1973-06-24T02:43:25.500Z,43.318,146.442,7.10,Kuril Islands,earthquake
1974-02-01T03:12:33.100Z,-7.383,155.575,7.10,Solomon Islands,earthquake
1974-08-18T10:44:12.800Z,-38.453,-73.431,7.10,"Araucania, Chile",earthquake
1976-06-25T19:18:56.900Z,-4.603,140.091,7.10,"Papua, Indonesia",earthquake
1976-10-29T02:51:07.600Z,-4.517,139.918,7.10,"Papua, Indonesia",earthquake
1977-08-26T19:50:01.400Z,-59.426,-20.508,7.10,east of the South Sandwich Islands,earthquake
1978-03-24T21:05:48.200Z,42.839,78.606,7.10,Kyrgyzstan,earthquake
1978-11-05T22:02:07.100Z,-11.132,162.136,7.10,Solomon Islands,earthquake
1979-02-28T21:27:06.100Z,60.642,-141.593,7.10,Southern Alaska,earthquake
1979-08-26T14:31:22.100Z,19.066,122.096,7.10,"Babuyan Islands region, Philippines",earthquake
1979-10-23T09:51:06.700Z,-10.615,161.284,7.10,Solomon Islands,earthquake
1979-11-27T17:10:32.900Z,33.962,59.726,7.10,eastern Iran,earthquake
1981-07-28T17:22:24.620Z,30.013,57.794,7.10,eastern Iran,earthquake
1981-12-26T17:05:32.520Z,-29.934,-177.741,7.10,"Kermadec Islands, New Zealand",earthquake
1982-01-11T06:10:06.490Z,13.752,124.358,7.10,"Catanduanes, Philippines",earthquake
1982-07-04T01:20:06.800Z,27.929,136.967,7.10,"west of the Bonin Islands, Japan",earthquake
1982-07-23T14:23:53.570Z,36.194,141.702,7.10,"near the east coast of Honshu, Japan",earthquake
1983-04-03T02:50:01.180Z,8.717,-83.123,7.10,Costa Rica,earthquake
1983-08-17T10:55:54.130Z,55.867,161.287,7.10,"near the east coast of the Kamchatka Peninsula, Russia",earthquake
1984-05-30T07:49:43.660Z,-4.843,151.577,7.10,"New Britain region, Papua New Guinea",earthquake
1984-11-01T04:48:50.270Z,8.185,-38.794,7.10,central Mid-Atlantic Ridge,earthquake
1984-11-15T02:46:19.880Z,-22.022,170.95,7.10,southeast of the Loyalty Islands,earthquake
1984-11-17T06:49:30.020Z,0.197,98.027,7.10,"Nias region, Indonesia",earthquake
1985-11-17T09:40:21.290Z,-1.639,134.911,7.10,"near the north coast of Papua, Indonesia",earthquake
1985-12-21T01:13:22.410Z,-13.966,166.516,7.10,Vanuatu,earthquake
1986-01-15T20:17:42.710Z,-21.277,170.102,7.10,southeast of the Loyalty Islands,earthquake
1986-05-26T19:06:15.990Z,-20.19,178.86,7.10,south of the Fiji Islands,earthquake
1986-06-16T10:48:25.780Z,-22.037,-178.925,7.10,south of the Fiji Islands,earthquake
1987-06-17T01:32:53.720Z,-5.577,130.791,7.10,Banda Sea,earthquake
1988-04-12T23:19:55.570Z,-17.192,-72.305,7.10,near the coast of southern Peru,earthquake
1988-10-08T04:46:24.530Z,-18.771,-172.415,7.10,Tonga region,earthquake
1989-02-10T11:15:24.680Z,2.305,126.76,7.10,Molucca Sea,earthquake
1989-05-05T18:28:39.450Z,-8.281,-71.381,7.10,"Acre, Brazil",earthquake
1989-09-04T13:14:58.250Z,55.543,-156.835,7.10,south of Alaska,earthquake
1989-12-07T13:38:44.850Z,-6.436,146.383,7.10,"eastern New Guinea region, Papua New Guinea",earthquake
1990-03-05T16:38:12.570Z,-18.318,168.063,7.10,Vanuatu,earthquake
1990-05-24T20:00:08.190Z,5.358,31.848,7.10,Sudan,earthquake
1990-05-24T20:09:23.240Z,-7.363,120.363,7.10,Flores Sea,earthquake
1990-06-14T07:40:56.210Z,11.76,121.899,7.10,"Panay, Philippines",earthquake
1990-08-12T21:25:21.950Z,-19.435,169.132,7.10,Vanuatu,earthquake
1990-11-06T20:14:29.740Z,53.452,169.871,7.10,"Komandorskiye Ostrova, Russia region",earthquake
1991-04-05T04:19:49.520Z,-5.982,-77.094,7.10,northern Peru,earthquake
1992-05-17T09:49:19.110Z,7.239,126.645,7.10,"Mindanao, Philippines",earthquake
1993-03-06T03:05:49.870Z,-10.972,164.181,7.10,Santa Cruz Islands region,earthquake
1994-11-14T19:15:30.660Z,13.525,121.067,7.10,"Mindoro, Philippines",earthquake
1995-02-05T22:51:05.140Z,-37.759,178.752,7.10,off the east coast of the North Island of New Zealand,earthquake
1995-05-05T03:53:45.050Z,12.626,125.297,7.10,"Samar, Philippines",earthquake
1995-05-27T13:03:52.650Z,52.629,142.827,7.10,"Sakhalin, Russia",earthquake
1995-08-23T07:06:02.760Z,18.856,145.218,7.10,"Pagan region, Northern Mariana Islands",earthquake
1995-10-18T10:37:26.380Z,27.929,130.175,7.10,"Ryukyu Islands, Japan",earthquake
1995-12-25T04:43:24.460Z,-6.903,129.151,7.10,Banda Sea,earthquake
1996-02-25T03:08:15.870Z,15.978,-98.07,7.10,"offshore Oaxaca, Mexico",earthquake
1996-06-11T18:22:55.730Z,12.614,125.154,7.10,"Samar, Philippines",earthquake
1997-01-23T02:15:22.970Z,-21.999,-65.719,7.10,"Potosi, Bolivia",earthquake
1997-02-27T21:08:02.360Z,29.976,68.208,7.10,Pakistan,earthquake
1997-05-25T23:22:33.190Z,-32.115,179.791,7.10,south of the Kermadec Islands,earthquake
1970-01-10T12:07:07.000Z,6.785,126.682,7.20,"Mindanao, Philippines",earthquake
1970-06-15T11:14:51.000Z,-54.476,-64.499,7.20,"Tierra del Fuego, Argentina region",earthquake
1970-12-10T04:34:41.000Z,-4.026,-80.542,7.20,Peru-Ecuador border region,earthquake
1972-02-29T09:23:01.000Z,33.453,140.929,7.20,"Izu Islands, Japan region",earthquake
1972-03-30T05:34:53.000Z,-25.758,179.665,7.20,south of the Fiji Islands,earthquake
1972-04-28T23:32:11.000Z,-5.154,154.191,7.20,"Bougainville region, Papua New Guinea",earthquake
1973-02-28T06:37:49.500Z,50.486,156.584,7.20,Kuril Islands,earthquake
1973-12-29T00:19:31.100Z,-15.117,166.896,7.20,Vanuatu,earthquake
1974-01-10T08:51:13.300Z,-14.434,166.863,7.20,Vanuatu,earthquake
1974-07-02T23:26:26.600Z,-29.082,-175.954,7.20,Kermadec Islands region,earthquake
1974-10-23T06:14:54.000Z,-8.42,154.034,7.20,D'Entrecasteaux Islands region,earthquake
1974-11-09T12:59:49.800Z,-12.5,-77.786,7.20,near the coast of central Peru,earthquake
1977-07-29T11:15:45.300Z,-8.031,155.538,7.20,Solomon Islands,earthquake
1977-10-10T11:53:53.600Z,-25.856,-175.406,7.20,south of Tonga,earthquake
1978-02-09T21:35:12.700Z,-30.683,-177.358,7.20,"Kermadec Islands, New Zealand",earthquake
1980-10-25T11:00:05.100Z,-21.89,169.853,7.20,southeast of the Loyalty Islands,earthquake
1980-11-08T10:27:34.000Z,41.117,-124.253,7.20,offshore Northern California,earthquake
1981-10-16T03:25:42.220Z,-33.134,-73.074,7.20,"off the coast of Valparaiso, Chile",earthquake
1981-12-19T14:10:50.720Z,39.243,25.227,7.20,Aegean Sea,earthquake
1982-12-19T17:43:54.850Z,-24.133,-175.864,7.20,south of Tonga,earthquake
1983-10-22T04:21:35.010Z,-60.665,-25.451,7.20,South Sandwich Islands region,earthquake
1984-01-01T09:03:38.850Z,33.683,136.894,7.20,"near the south coast of western Honshu, Japan",earthquake
1984-03-24T09:44:02.600Z,44.117,148.192,7.20,Kuril Islands,earthquake
1984-10-15T10:21:07.500Z,-15.86,-173.643,7.20,Tonga,earthquake
1985-04-09T01:56:59.480Z,-34.131,-71.618,7.20,"Libertador General Bernardo O'Higgins, Chile",earthquake
1985-05-10T15:35:50.590Z,-5.599,151.045,7.20,"New Britain region, Papua New Guinea",earthquake
1986-06-24T03:11:30.930Z,-4.448,143.943,7.20,"New Guinea, Papua New Guinea",earthquake
1986-08-30T21:28:35.450Z,45.547,26.316,7.20,Romania,earthquake
1986-10-30T01:28:54.590Z,-21.702,-176.616,7.20,Fiji region,earthquake
1987-03-06T04:10:41.960Z,0.151,-77.821,7.20,Colombia-Ecuador border region,earthquake
1987-08-08T15:48:56.750Z,-19.022,-69.991,7.20,"Tarapaca, Chile",earthquake
1988-02-05T14:01:02.750Z,-24.753,-70.433,7.20,"Antofagasta, Chile",earthquake
1990-05-12T04:50:08.710Z,49.037,141.847,7.20,"Tatar Strait, Russia",earthquake
1990-05-20T02:22:01.620Z,5.121,32.145,7.20,Sudan,earthquake
1990-07-27T12:37:59.550Z,-15.355,167.464,7.20,Vanuatu,earthquake
1991-10-14T15:58:12.790Z,-9.094,158.442,7.20,Solomon Islands,earthquake
1991-11-19T22:28:51.090Z,4.554,-77.442,7.20,near the west coast of Colombia,earthquake
1991-12-27T04:05:58.240Z,-56.032,-25.266,7.20,South Sandwich Islands region,earthquake
1992-04-25T18:06:05.180Z,40.3353333,-124.2286667,7.20,"20km SSW of Rio Dell, California",earthquake
1992-05-15T07:05:05.340Z,-6.075,147.572,7.20,"eastern New Guinea region, Papua New Guinea",earthquake
1992-07-11T10:44:19.760Z,-22.483,-178.413,7.20,south of the Fiji Islands,earthquake
1992-10-18T15:11:59.110Z,7.075,-76.862,7.20,northern Colombia,earthquake
1993-09-10T19:12:54.620Z,14.717,-92.645,7.20,"offshore Chiapas, Mexico",earthquake
1994-07-13T02:35:56.020Z,-16.62,167.518,7.20,Vanuatu,earthquake
1995-04-21T00:34:46.090Z,12.059,125.58,7.20,"Samar, Philippines",earthquake
1995-07-03T19:50:50.620Z,-29.211,-177.589,7.20,"Kermadec Islands, New Zealand",earthquake
1995-08-16T23:10:23.980Z,-5.771,154.347,7.20,"Bougainville region, Papua New Guinea",earthquake
1995-10-21T02:38:57.120Z,16.84,-93.469,7.20,"Chiapas, Mexico",earthquake
1995-11-22T04:15:11.940Z,28.826,34.799,7.20,Egypt,earthquake
1996-02-07T21:36:46.300Z,45.324,149.892,7.20,Kuril Islands,earthquake
1996-04-16T00:30:54.670Z,-24.061,-177.036,7.20,south of the Fiji Islands,earthquake
1996-04-29T14:40:41.090Z,-6.518,154.999,7.20,"Bougainville region, Papua New Guinea",earthquake
1997-01-11T20:28:26.020Z,18.219,-102.756,7.20,"Michoacan, Mexico",earthquake
1970-04-29T14:01:35.000Z,14.52,-92.653,7.30,"offshore Chiapas, Mexico",earthquake
1970-06-11T16:46:34.000Z,-59.232,158.902,7.30,Macquarie Island region,earthquake
1970-08-30T17:46:10.000Z,52.301,151.613,7.30,Sea of Okhotsk,earthquake
1971-09-05T18:35:30.000Z,46.505,141.199,7.30,"Sakhalin, Russia",earthquake
1971-11-24T19:35:33.000Z,52.803,159.199,7.30,"off the east coast of the Kamchatka Peninsula, Russia",earthquake
1972-01-25T02:06:24.000Z,22.632,122.269,7.30,Taiwan region,earthquake
1974-07-13T01:18:22.800Z,7.747,-77.688,7.30,Panama-Colombia border region,earthquake
1974-08-11T01:13:55.500Z,39.457,73.83,7.30,Kyrgyzstan-Tajikistan-Xinjiang border region,earthquake
1976-11-24T12:22:18.800Z,39.121,44.029,7.30,Turkey-Iran border region,earthquake
1980-10-10T12:25:23.500Z,36.195,1.354,7.30,northern Algeria,earthquake
1981-10-25T03:22:15.570Z,18.048,-102.084,7.30,"Guerrero, Mexico",earthquake
1982-06-19T06:21:58.000Z,13.332,-89.387,7.30,offshore El Salvador,earthquake
1983-11-24T05:30:34.230Z,-7.481,128.168,7.30,"Kepulauan Barat Daya, Indonesia",earthquake
1983-11-30T17:46:00.670Z,-6.852,72.11,7.30,Chagos Archipelago region,earthquake
1984-03-05T03:33:50.990Z,8.147,123.762,7.30,"Mindanao, Philippines",earthquake
1985-07-03T04:36:51.730Z,-4.439,152.828,7.30,"New Britain region, Papua New Guinea",earthquake
1987-10-06T04:19:06.080Z,-17.94,-172.225,7.30,Tonga region,earthquake
1988-02-24T03:52:03.290Z,13.477,124.616,7.30,"Catanduanes, Philippines",earthquake
1988-08-06T00:36:24.650Z,25.149,95.127,7.30,Myanmar,earthquake
1990-03-25T13:22:55.600Z,9.919,-84.808,7.30,Costa Rica,earthquake
1991-06-23T21:22:28.940Z,-26.802,-63.349,7.30,"Santiago Del Estero, Argentina",earthquake
1992-05-17T10:15:31.310Z,7.191,126.762,7.30,"Mindanao, Philippines",earthquake
1992-06-28T11:57:34.130Z,34.2,-116.437,7.30,"Landers, California Earthquake",earthquake
1992-08-19T02:04:37.410Z,42.142,73.575,7.30,Kyrgyzstan,earthquake
1992-12-20T20:52:47.280Z,-6.582,130.393,7.30,Banda Sea,earthquake
1994-07-21T18:36:31.740Z,42.34,132.865,7.30,"Primor'ye, Russia",earthquake
1994-10-09T07:55:39.580Z,43.905,147.916,7.30,Kuril Islands,earthquake
1996-06-10T15:24:56.000Z,51.478,-176.847,7.30,"Andreanof Islands, Aleutian Islands, Alaska",earthquake
1997-05-10T07:57:29.720Z,33.825,59.809,7.30,eastern Iran,earthquake
1970-04-07T05:34:06.000Z,15.791,121.63,7.40,"Luzon, Philippines",earthquake
1970-06-24T13:09:13.000Z,51.692,-131.055,7.40,"Haida Gwaii Region, Canada",earthquake
1971-07-27T02:02:49.000Z,-2.839,-77.322,7.40,Peru-Ecuador border region,earthquake
1972-02-14T23:29:53.000Z,-11.481,166.339,7.40,Santa Cruz Islands,earthquake
1972-12-04T10:16:12.000Z,33.362,140.827,7.40,"Izu Islands, Japan region",earthquake
1973-02-06T10:37:10.100Z,31.398,100.581,7.40,"western Sichuan, China",earthquake
1976-07-28T10:45:35.200Z,39.664,118.401,7.40,"Hebei, China",earthquake
1977-11-23T09:26:24.700Z,-31.028,-67.767,7.40,"San Juan, Argentina",earthquake
1978-07-23T14:42:36.900Z,22.282,121.512,7.40,Taiwan region,earthquake
1978-09-16T15:35:56.600Z,33.386,57.434,7.40,eastern Iran,earthquake
1979-10-12T10:25:22.300Z,-46.675,165.707,7.40,off the west coast of the South Island of New Zealand,earthquake
1983-05-26T02:59:59.600Z,40.462,139.102,7.40,"near the west coast of Honshu, Japan",earthquake
1983-10-04T18:52:13.300Z,-26.535,-70.563,7.40,"Atacama, Chile",earthquake
1983-12-30T23:52:39.930Z,36.372,70.738,7.40,"Hindu Kush region, Afghanistan",earthquake
1984-03-06T02:17:21.260Z,29.384,138.935,7.40,"Izu Islands, Japan region",earthquake
1984-08-06T12:01:52.400Z,-0.086,122.517,7.40,"Sulawesi, Indonesia",earthquake
1985-03-04T00:32:21.870Z,-33.207,-71.663,7.40,"Valparaiso, Chile",earthquake
1985-07-29T07:54:44.070Z,36.19,70.896,7.40,"Hindu Kush region, Afghanistan",earthquake
1986-11-14T21:20:10.550Z,23.901,121.574,7.40,Taiwan,earthquake
1987-02-08T18:33:58.390Z,-6.088,147.689,7.40,"eastern New Guinea region, Papua New Guinea",earthquake
1987-09-03T06:40:13.910Z,-58.893,158.513,7.40,Macquarie Island region,earthquake
1987-10-16T20:48:01.640Z,-6.266,149.06,7.40,"New Britain region, Papua New Guinea",earthquake
1989-11-01T18:25:34.940Z,39.837,142.76,7.40,"near the east coast of Honshu, Japan",earthquake
1990-06-20T21:00:09.980Z,36.957,49.409,7.40,northern Iran,earthquake
1992-10-11T19:24:26.290Z,-19.247,168.948,7.40,Vanuatu,earthquake
1995-04-07T22:06:56.890Z,-15.199,-173.529,7.40,Tonga,earthquake
1995-09-14T14:04:31.430Z,16.779,-98.597,7.40,"Guerrero, Mexico",earthquake
1996-08-05T22:38:22.090Z,-20.69,-178.31,7.40,Fiji region,earthquake
1972-04-25T19:30:07.000Z,13.402,120.275,7.50,"Mindoro, Philippines",earthquake
1972-08-17T23:44:09.000Z,-6.05,152.932,7.50,"New Britain region, Papua New Guinea",earthquake
1973-01-30T21:01:12.500Z,18.481,-102.996,7.50,"Michoacan, Mexico",earthquake
1973-12-28T13:41:45.800Z,-14.464,166.601,7.50,Vanuatu,earthquake
1974-10-08T09:50:58.100Z,17.3,-62,7.50,"Antigua and Barbuda region, Leeward Islands",earthquake
1976-02-04T09:01:43.400Z,15.324,-89.101,7.50,Guatemala,earthquake
1976-07-27T19:42:54.600Z,39.57,117.978,7.50,"Tianjin-Hebei border region, China",earthquake
1977-03-04T19:21:54.100Z,45.772,26.761,7.50,Romania,earthquake
1977-04-20T23:42:50.500Z,-9.89,160.348,7.50,Solomon Islands,earthquake
1977-04-20T23:49:13.100Z,-9.844,160.822,7.50,Solomon Islands,earthquake
1977-04-21T04:24:09.600Z,-9.965,160.731,7.50,Solomon Islands,earthquake
1978-03-23T03:15:20.300Z,44.932,148.439,7.50,Kuril Islands,earthquake
1980-07-08T23:19:19.800Z,-12.41,166.381,7.50,Santa Cruz Islands,earthquake
1984-11-20T08:15:16.230Z,5.167,125.124,7.50,"Mindanao, Philippines",earthquake
1986-08-14T19:39:13.670Z,1.795,126.519,7.50,Molucca Sea,earthquake
1990-12-30T19:14:18.930Z,-5.097,150.967,7.50,"New Britain region, Papua New Guinea",earthquake
1991-06-20T05:18:52.510Z,1.196,122.787,7.50,"Minahasa, Sulawesi, Indonesia",earthquake
1993-06-08T13:03:36.480Z,51.218,157.829,7.50,"near the east coast of the Kamchatka Peninsula, Russia",earthquake
1996-02-21T12:51:01.300Z,-9.593,-79.587,7.50,off the coast of northern Peru,earthquake
1971-12-15T08:29:57.000Z,55.959,163.269,7.60,"off the east coast of the Kamchatka Peninsula, Russia",earthquake
1972-07-30T21:45:17.000Z,56.724,-135.853,7.60,Southeastern Alaska,earthquake
1974-10-03T14:21:29.100Z,-12.265,-77.795,7.60,near the coast of central Peru,earthquake
1975-02-02T08:43:39.100Z,53.113,173.497,7.60,"Near Islands, Aleutian Islands, Alaska",earthquake
1977-04-02T07:15:22.700Z,-16.696,-172.095,7.60,Samoa Islands region,earthquake
1978-03-24T19:47:50.700Z,44.244,148.862,7.60,Kuril Islands,earthquake
1979-03-14T11:07:16.300Z,17.813,-101.276,7.60,"Guerrero, Mexico",earthquake
1981-05-25T05:25:14.460Z,-48.786,164.357,7.60,off the west coast of the South Island of New Zealand,earthquake
1983-03-18T09:05:50.000Z,-4.883,153.581,7.60,"New Ireland region, Papua New Guinea",earthquake
1984-02-07T21:33:21.490Z,-10.012,160.469,7.60,Solomon Islands,earthquake
1985-09-21T01:37:13.470Z,17.802,-101.647,7.60,"Guerrero, Mexico",earthquake
1987-03-05T09:17:05.280Z,-24.388,-70.161,7.60,"Antofagasta, Chile",earthquake
1988-08-10T04:38:26.170Z,-10.366,160.819,7.60,Solomon Islands,earthquake
1989-12-15T18:43:45.030Z,8.337,126.729,7.60,"Mindanao, Philippines",earthquake
1990-03-03T12:16:27.960Z,-22.122,175.163,7.60,south of the Fiji Islands,earthquake
1990-04-05T21:12:35.550Z,15.125,147.596,7.60,Mariana Islands region,earthquake
1991-04-22T21:56:51.820Z,9.685,-83.073,7.60,Costa Rica,earthquake
1991-12-22T08:43:13.410Z,45.533,151.021,7.60,Kuril Islands,earthquake
1993-01-15T11:06:05.950Z,43.3,143.691,7.60,"Hokkaido, Japan region",earthquake
1994-03-09T23:28:06.780Z,-18.039,-178.413,7.60,Fiji region,earthquake
1971-01-10T07:17:05.000Z,-3.184,139.722,7.70,"Papua, Indonesia",earthquake
1972-06-11T16:41:04.000Z,3.752,124.221,7.70,Celebes Sea,earthquake
1973-06-17T03:55:02.900Z,43.233,145.785,7.70,"Hokkaido, Japan region",earthquake
1975-05-10T14:27:38.700Z,-38.183,-73.232,7.70,"Bio-Bio, Chile",earthquake
1975-07-20T19:54:27.700Z,-7.104,155.152,7.70,Solomon Islands,earthquake
1975-11-29T14:47:40.100Z,19.333,-155.0015,7.70,Kalapana Earthquake,earthquake
1978-06-12T08:14:26.400Z,38.19,142.028,7.70,"near the east coast of Honshu, Japan",earthquake
1978-11-29T19:52:47.600Z,16.01,-96.591,7.70,"Oaxaca, Mexico",earthquake
1979-12-12T07:59:03.300Z,1.598,-79.358,7.70,near the coast of Ecuador,earthquake
1981-09-01T09:29:31.540Z,-14.96,-173.085,7.70,Samoa Islands region,earthquake
1986-10-20T06:46:09.980Z,-28.117,-176.367,7.70,Kermadec Islands region,earthquake
1988-11-06T13:03:19.340Z,22.789,99.611,7.70,Myanmar-China border region,earthquake
1990-07-16T07:26:34.610Z,15.679,121.172,7.70,"Luzon, Philippines",earthquake
1992-09-02T00:16:01.690Z,11.742,-87.34,7.70,near the coast of Nicaragua,earthquake
1993-07-12T13:17:11.960Z,42.851,139.197,7.70,"Hokkaido, Japan region",earthquake
1995-05-16T20:12:44.220Z,-23.008,169.9,7.70,southeast of the Loyalty Islands,earthquake
1995-08-16T10:27:28.630Z,-5.799,154.178,7.70,"Bougainville region, Papua New Guinea",earthquake
1996-11-12T16:59:44.030Z,-14.993,-75.675,7.70,near the coast of central Peru,earthquake
1997-04-21T12:02:26.430Z,-12.584,166.676,7.70,Santa Cruz Islands,earthquake
1971-07-09T03:03:20.000Z,-32.601,-71.076,7.80,"Valparaiso, Chile",earthquake
1975-10-11T14:35:15.000Z,-24.894,-175.119,7.80,south of Tonga,earthquake
1975-12-26T15:56:38.700Z,-16.264,-172.467,7.80,Samoa Islands region,earthquake
1988-03-06T22:35:38.140Z,56.953,-143.032,7.80,Gulf of Alaska,earthquake
1990-04-18T13:39:19.010Z,1.186,122.857,7.80,"Minahasa, Sulawesi, Indonesia",earthquake
1992-12-12T05:29:26.350Z,-8.48,121.896,7.80,"Flores region, Indonesia",earthquake
1993-08-08T08:34:24.930Z,12.982,144.801,7.80,Guam region,earthquake
1994-06-02T18:17:34.020Z,-10.477,112.835,7.80,"south of Java, Indonesia",earthquake
1994-12-28T12:19:23.030Z,40.525,143.419,7.80,"off the east coast of Honshu, Japan",earthquake
1975-05-26T09:11:51.500Z,35.997,-17.649,7.90,Azores-Cape St. Vincent Ridge,earthquake
1975-07-20T14:37:39.900Z,-6.59,155.054,7.90,"Bougainville region, Papua New Guinea",earthquake
1976-08-16T16:11:07.300Z,6.262,124.023,7.90,"Mindanao, Philippines",earthquake
1979-09-12T05:17:51.400Z,-1.679,136.04,7.90,"Biak region, Indonesia",earthquake
1980-07-17T19:42:23.200Z,-12.525,165.916,7.90,Santa Cruz Islands,earthquake
1987-11-30T19:23:19.590Z,58.679,-142.786,7.90,Gulf of Alaska,earthquake
1995-12-03T18:01:08.990Z,44.663,149.3,7.90,Kuril Islands,earthquake
1996-01-01T08:05:10.830Z,0.729,119.931,7.90,"Minahasa, Sulawesi, Indonesia",earthquake
1996-06-10T04:03:35.480Z,51.564,-177.632,7.90,"Andreanof Islands, Aleutian Islands, Alaska",earthquake
1996-06-17T11:22:18.540Z,-7.137,122.589,7.90,Flores Sea,earthquake
1971-07-14T06:11:30.000Z,-5.524,153.85,8.00,"New Ireland region, Papua New Guinea",earthquake
1972-12-02T00:19:52.000Z,6.405,126.64,8.00,"Mindanao, Philippines",earthquake
1976-01-14T16:47:33.500Z,-28.427,-177.657,8.00,Kermadec Islands region,earthquake
1985-03-03T22:47:07.280Z,-33.135,-71.871,8.00,"offshore Valparaiso, Chile",earthquake
1985-09-19T13:17:47.350Z,18.19,-102.533,8.00,"Michoacan, Mexico",earthquake
1986-05-07T22:47:10.870Z,51.52,-174.776,8.00,"Andreanof Islands, Aleutian Islands, Alaska",earthquake
1995-07-30T05:11:23.630Z,-23.34,-70.294,8.00,"Antofagasta, Chile",earthquake
1995-10-09T15:35:53.910Z,19.055,-104.205,8.00,"Colima, Mexico",earthquake
1971-07-26T01:23:22.000Z,-4.817,153.172,8.10,"New Ireland region, Papua New Guinea",earthquake
1989-05-23T10:54:46.320Z,-52.341,160.568,8.20,Macquarie Island region,earthquake
1994-06-09T00:33:16.230Z,-13.841,-67.553,8.20,"La Paz, Bolivia",earthquake
1996-02-17T05:59:30.550Z,-0.891,136.952,8.20,"Biak region, Indonesia",earthquake
1977-08-19T06:08:55.000Z,-11.164,118.378,8.30,"south of Sumbawa, Indonesia",earthquake
1994-10-04T13:22:55.840Z,43.773,147.321,8.30,Kuril Islands,earthquake
